{"cameraMode":{"drawMode":0,"name":"Shaded","section":"Shading Mode"},"sceneLighting":true,"audioPlay":false,"sceneViewState":{"showFog":true,"showMaterialUpdate":false,"showSkybox":true,"showFlares":true,"showImageEffects":true,"showParticleSystems":true},"in2DMode":false,"pivot":{"x":0.0,"y":2.831430673599243,"z":-0.000001430511474609375},"rotation":{"x":-0.028181541711091996,"y":-0.019180655479431154,"z":-0.0005409095319919288,"w":0.9994186758995056},"size":13.729066848754883,"orthographic":false}