{"cameraMode":{"drawMode":0,"name":"Shaded","section":"Shading Mode"},"sceneLighting":false,"audioPlay":false,"sceneViewState":{"showFog":true,"showMaterialUpdate":false,"showSkybox":false,"showFlares":true,"showImageEffects":true,"showParticleSystems":true},"in2DMode":false,"pivot":{"x":-4.76837158203125e-7,"y":1.7218375205993653,"z":-1.2211823463439942},"rotation":{"x":0.10612857341766358,"y":-0.2933964431285858,"z":0.03279311954975128,"w":0.9495156407356262},"size":44.85128402709961,"orthographic":false}