{"cameraMode":{"drawMode":0,"name":"Shaded","section":"Shading Mode"},"sceneLighting":true,"audioPlay":false,"sceneViewState":{"showFog":true,"showMaterialUpdate":false,"showSkybox":true,"showFlares":true,"showImageEffects":true,"showParticleSystems":true},"in2DMode":false,"pivot":{"x":0.0,"y":1.1799999475479127,"z":-8.630000114440918},"rotation":{"x":-0.31068411469459536,"y":-0.1654011607170105,"z":0.055002305656671527,"w":-0.9343942999839783},"size":13.013887405395508,"orthographic":false}