{"cameraMode":{"drawMode":0,"name":"Shaded","section":"Shading Mode"},"sceneLighting":true,"audioPlay":false,"sceneViewState":{"showFog":true,"showMaterialUpdate":false,"showSkybox":true,"showFlares":true,"showImageEffects":true,"showParticleSystems":true},"in2DMode":false,"pivot":{"x":62.866615295410159,"y":5.9039764404296879,"z":7.04477596282959},"rotation":{"x":0.05493593588471413,"y":-0.707069456577301,"z":0.055260028690099719,"w":0.7028378844261169},"size":20.693910598754884,"orthographic":true}