{"cameraMode":{"drawMode":0,"name":"Shaded","section":"Shading Mode"},"sceneLighting":true,"audioPlay":false,"sceneViewState":{"showFog":true,"showMaterialUpdate":false,"showSkybox":true,"showFlares":true,"showImageEffects":true,"showParticleSystems":true},"in2DMode":false,"pivot":{"x":1.7881393432617188e-7,"y":1.2173446416854859,"z":-0.0738823413848877},"rotation":{"x":-0.1304309219121933,"y":0.009514748118817807,"z":-0.001250367145985365,"w":-0.9914109706878662},"size":27.019540786743165,"orthographic":false}