{"cameraMode":{"drawMode":0,"name":"Shaded","section":"Shading Mode"},"sceneLighting":true,"audioPlay":false,"sceneViewState":{"showFog":true,"showMaterialUpdate":false,"showSkybox":true,"showFlares":true,"showImageEffects":true,"showParticleSystems":true},"in2DMode":false,"pivot":{"x":1.7881393432617188e-7,"y":1.2173446416854859,"z":-0.0738823413848877},"rotation":{"x":-0.12405312806367874,"y":-0.08265835791826248,"z":0.010371856391429901,"w":-0.988772451877594},"size":28.309072494506837,"orthographic":false}