{"cameraMode":{"drawMode":0,"name":"Shaded","section":"Shading Mode"},"sceneLighting":false,"audioPlay":false,"sceneViewState":{"showFog":true,"showMaterialUpdate":false,"showSkybox":false,"showFlares":true,"showImageEffects":true,"showParticleSystems":true},"in2DMode":false,"pivot":{"x":-21.739999771118165,"y":1.559999942779541,"z":1.818000078201294},"rotation":{"x":0.028510600328445436,"y":0.8978707790374756,"z":-0.4353831112384796,"w":0.058794230222702029},"size":1.1121951341629029,"orthographic":false}